<!DOCTYPE module SYSTEM "module.dtd">

<module name="ahrs_chimu_uart" dir="ins">
  <doc>
    <description>CHimu (UART)</description>
    <configure name="CHIMU_UART_NR" value="3" description="UART"/>
    <define name="CHIMU_BIG_ENDIAN" value="TRUE" description="For older CHIMU v1.0 you should define CHIMU_BIG_ENDIAN"/>
  </doc>
  <header>
    <file name="ins_module.h"/>
  </header>
  <event fun="parse_ins_msg()"/>
  <makefile target="ap">
    <define name="AHRS_TRIGGERED_ATTITUDE_LOOP"/>
    <define name="USE_AHRS"/>
    <define name="USE_INS_MODULE"/>
    <define name="USE_UART$(CHIMU_UART_NR)" value="1"/>
    <define name="INS_LINK" value="uart$(CHIMU_UART_NR)"/>
    <define name="UART$(CHIMU_UART_NR)_BAUD" value="B115200"/>
    <file name="ahrs_chimu_uart.c"/>
    <file name="imu_chimu.c"/>
    <file name="ahrs.c" dir="subsystems"/>
    <define name="AHRS_TYPE_H" value="modules/ins/ahrs_chimu.h" type="string"/>
  </makefile>
</module>
