<!DOCTYPE module SYSTEM "module.dtd">

<module name="ahrs_chimu_spi" dir="ins">
  <doc>
    <description>CHimu (SPI)</description>
    <define name="CHIMU_BIG_ENDIAN" value="TRUE" description="For older CHIMU v1.0 you should define CHIMU_BIG_ENDIAN"/>
  </doc>
  <autoload name="ahrs_sim"/>
  <autoload name="spi" type="slave_hs"/>
  <header>
    <file name="ins_module.h"/>
  </header>
  <event fun="parse_ins_msg()"/>
  <makefile target="ap">
    <define name="AHRS_TRIGGERED_ATTITUDE_LOOP"/>
    <define name="USE_AHRS"/>
    <define name="USE_INS_MODULE"/>
    <define name="USE_SPI"/>
    <define name="INS_LINK" value="spi_slave_hs"/>
    <define name="USE_USB_HIGH_PCLK" />
    <file name="ahrs_chimu_spi.c"/>
    <file name="imu_chimu.c"/>
    <file name="ahrs.c" dir="subsystems"/>
    <define name="AHRS_TYPE_H" value="modules/ins/ahrs_chimu.h" type="string"/>
  </makefile>
</module>
