<!DOCTYPE module SYSTEM "module.dtd">

<module name="airspeed_ads1114" dir="sensors">
  <doc>
    <description>
      ADS1114 airspeed sensor.
      Module to extend the baro_board module with an airspeed sensor using ads1114 adc
    </description>
  </doc>
  <header>
    <file name="airspeed_ads1114.h"/>
  </header>
  <periodic fun="airspeed_periodic()" freq="60."/>
  <makefile target="ap">
    <file name="airspeed_ads1114.c"/>
    <define name="USE_BARO_DIFF"/>
    <define name="USE_ADS1114_2"/>
    <define name="ADS1114_2_PGA" value="0x1"/> <!-- PGA gain = 1  (+/- 4.096V) -->
  </makefile>
</module>


