<!DOCTYPE module SYSTEM "module.dtd">

<module name="cv_active_random_filter" dir="computer_vision/">
  <doc>
    <description>Active random sampling colour filter</description>
  </doc>
  <header>
    <file name="cv_active_random_filter.h"/>
  </header>
  <init fun="cv_ar_filter_init()"/>
  <makefile>
    <file name="cv_active_random_filter.c"/>
    <file name="active_random_filter.cpp"/>
    <flag name="CXXFLAGS" value="I$(PAPARAZZI_SRC)/sw/ext/opencv_bebop/install/include"/>
    <flag name="LDFLAGS" value="L$(PAPARAZZI_SRC)/sw/ext/opencv_bebop/install/lib" />
    <flag name="LDFLAGS" value="lopencv_imgcodecs" />
    <flag name="LDFLAGS" value="lopencv_imgproc" />
    <flag name="LDFLAGS" value="lopencv_core" />
    <flag name="LDFLAGS" value="L$(PAPARAZZI_HOME)/sw/ext/opencv_bebop/install/share/OpenCV/3rdparty/lib" />
    <flag name="LDFLAGS" value="lzlib" />
    <flag name="LDFLAGS" value="llibpng" />
    <flag name="LDFLAGS" value="lstdc++" />
    <flag name="LDFLAGS" value="ldl" />
    <flag name="LDFLAGS" value="lm" />
    <flag name="LDFLAGS" value="lpthread" />
    <flag name="LDFLAGS" value="lrt" />
  </makefile>
</module>