<!DOCTYPE module SYSTEM "module.dtd">

<module name="gps_sirf" dir="gps">
  <doc>
    <description>
      Sirf GPS (UART)
      Driver for GPS modules using the Sirf binary protocol.
    </description>
    <configure name="SIRF_GPS_PORT" value="UARTx" description="UART where the GPS is connected to (UART1, UART2, etc"/>
    <configure name="SIRF_GPS_BAUD" value="B38400" description="UART baud rate"/>
  </doc>
  <autoload name="gps"/>
  <autoload name="gps_nps"/>
  <autoload name="gps_sim"/>
  <header>
    <file name="gps.h" dir="subsystems"/>
  </header>
  <init fun="gps_sirf_init()"/>
  <periodic fun="gps_sirf_periodic_check()" freq="1." autorun="TRUE"/>
  <event fun="gps_sirf_event()"/>
  <makefile target=target="ap|fbw">
    <configure name="SIRF_GPS_PORT" default="$(GPS_PORT)" case="upper|lower"/>
    <configure name="SIRF_GPS_BAUD" default="$(GPS_BAUD)"/>

    <file name="gps_sirf.c" dir="subsystems/gps"/>

    <define name="USE_$(SIRF_GPS_PORT_UPPER)"/>
    <define name="SIRF_GPS_LINK" value="$(SIRF_GPS_PORT_LOWER)"/>
    <define name="$(SIRF_GPS_PORT_UPPER)_BAUD" value="$(SIRF_GPS_BAUD)"/>
    <raw>
      ifdef SECONDARY_GPS
      ifneq (,$(findstring $(SECONDARY_GPS), sirf))
      # this is the secondary GPS
      $(TARGET).CFLAGS += -DGPS_SECONDARY_TYPE_H=\"subsystems/gps/gps_sirf.h\"
      $(TARGET).CFLAGS += -DSECONDARY_GPS=GPS_SIRF
      else
      $(TARGET).CFLAGS += -DGPS_TYPE_H=\"subsystems/gps/gps_sirf.h\"
      $(TARGET).CFLAGS += -DPRIMARY_GPS=GPS_SIRF
      endif
      else
      # plain old single GPS usage
      $(TARGET).CFLAGS += -DGPS_TYPE_H=\"subsystems/gps/gps_sirf.h\"
      endif
    </raw>
  </makefile>
  <makefile target="fbw">
    <define name="USE_GPS"/>
  </makefile>
</module>
