<!DOCTYPE module SYSTEM "module.dtd">

<module name="imu_navstik" dir="imu">
  <doc>
    <description>
      Navstik IMU: MPU60x0 and HMC5883 via I2C.
    </description>
    <configure name="NAVSTIK_MAG_I2C_DEV" value="i2c3" description="I2C device to use for MAG"/>
    <configure name="NAVSTIK_MPU_I2C_DEV" value="i2c1" description="I2C device to use for MPU"/>
    <section name="IMU" prefix="IMU_">
      <define name="MAG_X_NEUTRAL" value="2358"/>
      <define name="MAG_Y_NEUTRAL" value="2362"/>
      <define name="MAG_Z_NEUTRAL" value="2119"/>

      <define name="MAG_X_SENS" value="3.4936416" integer="16"/>
      <define name="MAG_Y_SENS" value="3.607713" integer="16"/>
      <define name="MAG_Z_SENS" value="4.90788848" integer="16"/>
    </section>
  </doc>
  <autoload name="imu_common"/>
  <autoload name="imu_nps"/>
  <header>
    <file name="imu_navstik.h" dir="subsystems/imu"/>
  </header>
  <init fun="imu_navstik_init()"/>
  <periodic fun="imu_navstik_periodic()"/>
  <event fun="imu_navstik_event()"/>
  <makefile target="!sim|nps|fbw">
    <configure name="NAVSTIK_MAG_I2C_DEV" default="i2c3" case="lower|upper"/>
    <define name="NAVSTIK_MAG_I2C_DEV" value="$(NAVSTIK_MAG_I2C_DEV_LOWER)"/>
    <define name="USE_$(NAVSTIK_MAG_I2C_DEV_UPPER)"/>
    <configure name="NAVSTIK_MPU_I2C_DEV" default="i2c1" case="lower|upper"/>
    <define name="NAVSTIK_MPU_I2C_DEV" value="$(NAVSTIK_MPU_I2C_DEV_LOWER)"/>
    <define name="USE_$(NAVSTIK_MPU_I2C_DEV_UPPER)"/>

    <define name="IMU_TYPE_H" value="subsystems/imu/imu_navstik.h" type="string"/>

    <file name="mpu60x0.c" dir="peripherals"/>
    <file name="mpu60x0_i2c.c" dir="peripherals"/>
    <file name="hmc58xx.c" dir="peripherals"/>
    <file name="imu_navstik.c" dir="subsystems/imu"/>
  </makefile>
</module>
