<!DOCTYPE module SYSTEM "module.dtd">

<module name="imu_drotek_10dof_v2" dir="imu">
  <doc>
    <description>
      Drotek 10DOF V2 IMU via I2C.
      MPU60x0 via I2C.
      HMC58xx via I2C.
    </description>
    <configure name="DROTEK_2_I2C_DEV" value="i2c2" description="I2C device to use"/>
    <section name="IMU" prefix="IMU_">
      <define name="MAG_X_NEUTRAL" value="2358"/>
      <define name="MAG_Y_NEUTRAL" value="2362"/>
      <define name="MAG_Z_NEUTRAL" value="2119"/>

      <define name="MAG_X_SENS" value="3.4936416" integer="16"/>
      <define name="MAG_Y_SENS" value="3.607713" integer="16"/>
      <define name="MAG_Z_SENS" value="4.90788848" integer="16"/>
    </section>
  </doc>
  <autoload name="imu_common"/>
  <autoload name="imu_nps"/>
  <header>
    <file name="imu_drotek_10dof_v2.h" dir="subsystems/imu"/>
  </header>
  <init fun="imu_drotek2_init()"/>
  <periodic fun="imu_drotek2_periodic()"/>
  <event fun="imu_drotek2_event()"/>
  <makefile target="!sim|nps|fbw">
    <configure name="DROTEK_2_I2C_DEV" default="i2c2" case="lower|upper"/>
    <define name="DROTEK_2_I2C_DEV" value="$(DROTEK_2_I2C_DEV_LOWER)"/>
    <define name="USE_$(DROTEK_2_I2C_DEV_UPPER)"/>

    <define name="IMU_TYPE_H" value="imu/imu_drotek_10dof_v2.h" type="string"/>

    <file name="mpu60x0.c" dir="peripherals"/>
    <file name="mpu60x0_i2c.c" dir="peripherals"/>
    <file name="hmc58xx.c" dir="peripherals"/>
    <file name="imu_drotek_10dof_v2.c" dir="subsystems/imu"/>
  </makefile>
</module>
