<!DOCTYPE module SYSTEM "module.dtd">

<module name="imu_gl1" dir="imu">
  <doc>
    <description>
      IMU from Goodluckbuy.
      - Accelerometer: ADXL345 via I2C.
      - Gyroscope: L3G4200 via I2C.
      - Magnetometer: HMC58xx via I2C.
    </description>
    <configure name="GL1_I2C_DEV" value="i2c2" description="I2C device to use"/>
    <section name="IMU" prefix="IMU_">
      <define name="MAG_X_NEUTRAL" value="2358"/>
      <define name="MAG_Y_NEUTRAL" value="2362"/>
      <define name="MAG_Z_NEUTRAL" value="2119"/>

      <define name="MAG_X_SENS" value="3.4936416" integer="16"/>
      <define name="MAG_Y_SENS" value="3.607713" integer="16"/>
      <define name="MAG_Z_SENS" value="4.90788848" integer="16"/>
    </section>
  </doc>
  <autoload name="imu_common"/>
  <autoload name="imu_nps"/>
  <header>
    <file name="imu_gl1.h" dir="subsystems/imu"/>
  </header>
  <init fun="imu_gl1_init()"/>
  <periodic fun="imu_gl1_periodic()"/>
  <event fun="imu_gl1_event()"/>
  <makefile target="!sim|nps|fbw">
    <configure name="GL1_I2C_DEV" default="i2c2" case="lower|upper"/>
    <define name="GL1_I2C_DEV" value="$(GL1_I2C_DEV_LOWER)"/>
    <define name="USE_$(GL1_I2C_DEV_UPPER)"/>

    <define name="IMU_TYPE_H" value="subsystems/imu/imu_gl1.h" type="string"/>

    <file name="adxl345_i2c.c" dir="peripherals"/>
    <file name="l3g4200.c" dir="peripherals"/>
    <file name="hmc58xx.c" dir="peripherals"/>
    <file name="imu_gl1.c" dir="subsystems/imu"/>
  </makefile>
</module>
