<!DOCTYPE module SYSTEM "module.dtd">

<module name="ins_xsens" dir="ins">
  <doc>
    <description>
      XSens Mti-G INS
    </description>
    <configure name="XSENS_PORT" value="uart1" description="The (uart) port the XSens is connected to"/>
    <configure name="XSENS_BAUD" value="B115200" description="UART baud rate"/>
  </doc>
  <autoload name="gps"/>
  <autoload name="ins_sim"/>
  <autoload name="ins_nps"/>
  <header>
    <file name="ins_xsens.h"/>
  </header>
  <init fun="ins_xsens_init()"/>
  <init fun="gps_xsens_init()"/>
  <periodic fun="xsens_periodic()" freq="60"/>
  <event fun="ins_xsens_event()"/>
  <makefile target="ap">
    <file name="xsens.c"/>
    <file name="xsens_common.c"/>
    <file name="ins_xsens.c"/>
    <file name="ins.c" dir="subsystems"/>
    <configure name="XSENS_PORT" default="uart1" case="upper|lower"/>
    <configure name="XSENS_BAUD" default="B115200"/>
    <define name="USE_$(XSENS_PORT_UPPER)" value="1"/>
    <define name="XSENS_LINK" value="$(XSENS_PORT_LOWER)"/>
    <define name="$(XSENS_PORT_UPPER)_BAUD" value="$(XSENS_BAUD)"/>
    <define name="XSENS_OUTPUT_MODE" value="0x1836"/>
    <define name="AHRS_TRIGGERED_ATTITUDE_LOOP"/>

    <file name="gps.c" dir="subsystems"/>
    <define name="USE_GPS"/>
    <define name="USE_GPS_XSENS"/>
    <define name="USE_GPS_XSENS_RAW_DATA"/>
    <define name="GPS_NB_CHANNELS" value="16"/>
    <define name="GPS_TYPE_H" value="modules/ins/ins_xsens.h" type="string"/>
  </makefile>
</module>

