<!DOCTYPE module SYSTEM "module.dtd">

<module name="spi_slave_hs" dir="mcu_periph" task="mcu">
  <doc>
    <description>
      General SPI driver (high speed slave mode)
      Only for fixedwing and boards based on LPC21
    </description>
  </doc>
  <header>
    <file name="spi.h" dir="mcu_periph"/>
  </header>
  <makefile target="!sim|nps" firmware="fixedwing">
    <define name="USE_SPI"/>
    <define name="SPI_SLAVE_HS"/>
    <file name="spi.c" dir="mcu_periph"/>
    <file_arch name="spi_slave_hs_arch.c" dir="mcu_periph"/>
  </makefile>
</module>

