<!DOCTYPE module SYSTEM "module.dtd">

<module name="telemetry_transparent_usb" dir="datalink" task="datalink">
  <doc>
    <description>
      Telemetry using PPRZ protocol over serial USB (e.g. /dev/ttyACM0)
    </description>
  </doc>
  <autoload name="telemetry" type="nps"/>
  <autoload name="telemetry" type="sim"/>
  <header>
    <file name="pprz_dl.h"/>
  </header>
  <init fun="pprz_dl_init()"/>
  <event fun="pprz_dl_event()"/>
  <makefile target="!fbw|sim|nps">
    <define name="DOWNLINK"/>
    <define name="PERIODIC_TELEMETRY"/>
    <define name="USE_USB_SERIAL"/>
    <define name="DOWNLINK_DEVICE" value="usb_serial"/>
    <define name="PPRZ_UART" value="usb_serial"/>
    <define name="DOWNLINK_TRANSPORT" value="pprz_tp"/>
    <define name="DATALINK" value="PPRZ"/>
    <file name="pprz_dl.c"/>
    <file name="downlink.c" dir="subsystems/datalink"/>
    <file name="datalink.c" dir="subsystems/datalink"/>
    <file name="telemetry.c" dir="subsystems/datalink"/>
    <file name="pprz_transport.c" dir="pprzlink/src"/>
    <file_arch name="usb_ser_hw.c" dir="."/>
    <raw>
      ifeq ($(ARCH), lpc21)
      $(TARGET).srcs += $(SRC_ARCH)/lpcusb/usbhw_lpc.c $(SRC_ARCH)/lpcusb/usbcontrol.c
      $(TARGET).srcs += $(SRC_ARCH)/lpcusb/usbstdreq.c $(SRC_ARCH)/lpcusb/usbinit.c
      endif
    </raw>
  </makefile>
  <makefile target="ap" firmware="fixedwing">
    <file name="fixedwing_datalink.c" dir="$(SRC_FIRMWARE)"/>
    <file name="ap_downlink.c" dir="$(SRC_FIRMWARE)"/>
  </makefile>
  <makefile target="ap|fbw" firmware="fixedwing">
    <file name="fbw_downlink.c" dir="$(SRC_FIRMWARE)"/>
  </makefile>
  <makefile target="ap" firmware="rotorcraft">
    <file name="rotorcraft_datalink.c" dir="$(SRC_FIRMWARE)"/>
    <file name="rotorcraft_telemetry.c" dir="$(SRC_FIRMWARE)"/>
  </makefile>
</module>

