<!DOCTYPE module SYSTEM "module.dtd">

<module name="trigger_ext" dir="sensors">
  <doc>
    <description>
      External trigger
      (lpc only)
    </description>
  </doc>
  <header>
    <file name="trig_ext_hw.h"/>
    <file name="trigger_ext.h"/>
  </header>
  <init fun="trigger_ext_init()"/>
  <periodic fun="trigger_ext_periodic()" freq="10"/>
  <makefile>
    <file_arch name="trig_ext_hw.c"/>
    <file name="trigger_ext.c"/>
    <define name="TRIGGER_EXT"/>
    <define name="TRIG_EXT_PULSE_TYPE" value="TRIG_EXT_EDGE_FALLING"/>
    <define name="TURBINE_ID" value="42"/>
  </makefile>
</module>

