<!DOCTYPE module SYSTEM "module.dtd">

<module name="video_usb_logger" dir="computer_vision">
  <doc>
    <description>
      Log video and pose to USB-stick.
      Logs attitude and position to a csv and images to jpeg files (only for linux).
    </description>
    <define name="VIDEO_USB_LOGGER_PATH" description="Logging path"/>
    <define name="VIDEO_USB_LOGGER_CAMERA" value="front_camera|bottom_camera" description="Video device to log"/>
    <define name="VIDEO_USB_LOGGER_WIDTH" value="272" description="Size of the to log images"/>
    <define name="VIDEO_USB_LOGGER_HEIGHTH" value="272" description="Size of the to log images"/>
    <define name="VIDEO_USB_LOGGER_JPEG_WITH_EXIF_HEADER" value="TRUE" description="Whether to store data in the exif header or not"/>
  </doc>
  <depends>video_thread,pose_history</depends>
  <header>
    <file name="video_usb_logger.h"/>
  </header>

  <periodic fun="video_usb_logger_periodic()" start="video_usb_logger_start()" stop="video_usb_logger_stop()" autorun="TRUE"/>
  <makefile target="ap">
    <file name="video_usb_logger.c"/>
  </makefile>
</module>
