<!DOCTYPE airframe SYSTEM "../airframe.dtd">

<!-- this is a quadrotor frame in X-configuration equiped with
     * Autopilot:   Lisa/MX 2.1 with STM32F4  http://wiki.paparazziuav.org/wiki/Lisa/M_v21
     * IMU:         Integrated Aspirin 2.2    http://wiki.paparazziuav.org/wiki/AspirinIMU
     * Actuators:   PWM motor controllers     http://wiki.paparazziuav.org/wiki/Subsystem/actuators#PWM
     * GPS:         Ublox                     http://wiki.paparazziuav.org/wiki/Subsystem/gps
     * RC:          two Spektrum sats         http://wiki.paparazziuav.org/wiki/Subsystem/radio_control#Spektrum

     This airframe is meant for testing and will:
     - send normal Paparazzi telemetry on the modem uart
     - send mavlink messages on usb serial or via UDP in nps simulation

     Also has two AHRS algos running in parallel, which can be switched at runtime.
-->

<airframe name="Quadrotor LisaMX_2.1 pwm">

  <firmware name="rotorcraft">
    <target name="ap" board="lisa_mx_2.1">
      <!-- MPU6000 is configured to output data at 2kHz, but polled at 512Hz PERIODIC_FREQUENCY -->
      <configure name="MAVLINK_PORT" value="UsbS"/>
    </target>

    <target name="nps" board="pc">
      <module name="fdm" type="jsbsim"/>
      <configure name="MAVLINK_PORT" value="UDP1"/>
      <define name="UDP1_PORT_OUT" value="14550"/>
      <define name="UDP1_PORT_IN" value="14555"/>
      <define name="MAVLINK_DEBUG" value="printf"/>
    </target>

    <module name="radio_control" type="spektrum">
      <define name="RADIO_MODE" value="RADIO_AUX1"/>
      <configure name="USE_SECONDARY_SPEKTRUM_RECEIVER" value="1"/>
    </module>

    <module name="motor_mixing"/>
    <module name="actuators"     type="pwm">
      <define name="SERVO_HZ" value="400"/>
    </module>

    <module name="telemetry"     type="transparent"/>
    <module name="imu"           type="lisa_mx_v2.1"/>
    <module name="gps"           type="ublox"/>
    <module name="stabilization" type="int_quat"/>
    <module name="ahrs"          type="float_mlkf"/>
    <module name="ahrs" type="int_cmpl_quat">
      <configure name="SECONDARY_AHRS" value="int_cmpl_quat"/>
    </module>
    <module name="ins" type="hff"/>

    <!-- optional modules -->
    <module name="adc_generic">
      <configure name="ADC_CHANNEL_GENERIC1" value="ADC_1"/>
      <configure name="ADC_CHANNEL_GENERIC2" value="ADC_2"/>
    </module>
    <module name="gps" type="ubx_ucenter"/>
    <module name="geo_mag"/>
    <module name="air_data"/>
    <module name="mavlink">
      <!--configure name="MAVLINK_PORT" value="UsbS"/-->
    </module>
  </firmware>

  <firmware name="test_progs">
    <target name="test_sys_time_timer" board="lisa_mx_2.1"/>
    <target name="test_adc" board="lisa_mx_2.1"/>
    <target name="test_telemetry" board="lisa_mx_2.1"/>
    <target name="test_baro_board" board="lisa_mx_2.1">
      <configure name="BARO_LED" value="5"/>
    </target>
    <target name="test_radio_control" board="lisa_mx_2.1">
      <module name="radio_control" type="spektrum">
        <define name="RADIO_MODE" value="RADIO_AUX1"/>
        <configure name="USE_SECONDARY_SPEKTRUM_RECEIVER" value="0"/>
      </module>
    </target>
    <target name="test_imu" board="lisa_mx_2.1">
      <module name="imu" type="lisa_mx_v2.1"/>
    </target>
  </firmware>

  <servos driver="Pwm">
    <servo name="FL" no="0" min="1000" neutral="1100" max="1900"/>
    <servo name="FR" no="1" min="1000" neutral="1100" max="1900"/>
    <servo name="BR" no="2" min="1000" neutral="1100" max="1900"/>
    <servo name="BL" no="3" min="1000" neutral="1100" max="1900"/>
  </servos>

  <commands>
    <axis name="ROLL"   failsafe_value="0"/>
    <axis name="PITCH"  failsafe_value="0"/>
    <axis name="YAW"    failsafe_value="0"/>
    <axis name="THRUST" failsafe_value="0"/>
  </commands>

  <section name="MIXING" prefix="MOTOR_MIXING_">
    <!-- front left (CW), front right (CCW), back right (CW), back left (CCW) -->
    <define name="TYPE" value="QUAD_X"/>
  </section>

  <command_laws>
    <call fun="motor_mixing_run(autopilot_motors_on,FALSE,values)"/>
    <set servo="FL" value="motor_mixing.commands[MOTOR_FRONT_LEFT]"/>
    <set servo="FR" value="motor_mixing.commands[MOTOR_FRONT_RIGHT]"/>
    <set servo="BR" value="motor_mixing.commands[MOTOR_BACK_RIGHT]"/>
    <set servo="BL" value="motor_mixing.commands[MOTOR_BACK_LEFT]"/>
  </command_laws>

  <section name="IMU" prefix="IMU_">
    <define name="ACCEL_X_NEUTRAL" value="11"/>
    <define name="ACCEL_Y_NEUTRAL" value="11"/>
    <define name="ACCEL_Z_NEUTRAL" value="-25"/>

    <!-- replace this with your own calibration -->
    <define name="MAG_X_NEUTRAL" value="-179"/>
    <define name="MAG_Y_NEUTRAL" value="-21"/>
    <define name="MAG_Z_NEUTRAL" value="79"/>
    <define name="MAG_X_SENS" value="4.17334785618" integer="16"/>
    <define name="MAG_Y_SENS" value="3.98885954135" integer="16"/>
    <define name="MAG_Z_SENS" value="4.40442339014" integer="16"/>

    <define name="BODY_TO_IMU_PHI"   value="0." unit="deg"/>
    <define name="BODY_TO_IMU_THETA" value="0." unit="deg"/>
    <define name="BODY_TO_IMU_PSI"   value="0." unit="deg"/>
  </section>

  <section name="AHRS" prefix="AHRS_">
    <!-- values used if no GPS fix, on 3D fix is update by geo_mag module -->
    <define name="H_X" value="0.3770441"/>
    <define name="H_Y" value="0.0193986"/>
    <define name="H_Z" value="0.9259921"/>
  </section>



  <section name="STABILIZATION_ATTITUDE" prefix="STABILIZATION_ATTITUDE_">
    <!-- setpoints -->
    <define name="SP_MAX_PHI"     value="45." unit="deg"/>
    <define name="SP_MAX_THETA"   value="45." unit="deg"/>
    <define name="SP_MAX_R"       value="90." unit="deg/s"/>
    <define name="DEADBAND_A"     value="0"/>
    <define name="DEADBAND_E"     value="0"/>
    <define name="DEADBAND_R"     value="250"/>

    <!-- reference -->
    <define name="REF_OMEGA_P"  value="400" unit="deg/s"/>
    <define name="REF_ZETA_P"   value="0.85"/>
    <define name="REF_MAX_P"    value="400." unit="deg/s"/>
    <define name="REF_MAX_PDOT" value="RadOfDeg(8000.)"/>

    <define name="REF_OMEGA_Q"  value="400" unit="deg/s"/>
    <define name="REF_ZETA_Q"   value="0.85"/>
    <define name="REF_MAX_Q"    value="400." unit="deg/s"/>
    <define name="REF_MAX_QDOT" value="RadOfDeg(8000.)"/>

    <define name="REF_OMEGA_R"  value="250" unit="deg/s"/>
    <define name="REF_ZETA_R"   value="0.85"/>
    <define name="REF_MAX_R"    value="180." unit="deg/s"/>
    <define name="REF_MAX_RDOT" value="RadOfDeg(1800.)"/>

    <!-- feedback -->
    <define name="PHI_PGAIN"  value="1000"/>
    <define name="PHI_DGAIN"  value="400"/>
    <define name="PHI_IGAIN"  value="200"/>

    <define name="THETA_PGAIN"  value="1000"/>
    <define name="THETA_DGAIN"  value="400"/>
    <define name="THETA_IGAIN"  value="200"/>

    <define name="PSI_PGAIN"  value="500"/>
    <define name="PSI_DGAIN"  value="300"/>
    <define name="PSI_IGAIN"  value="10"/>

    <!-- feedforward -->
    <define name="PHI_DDGAIN"   value="300"/>
    <define name="THETA_DDGAIN" value="300"/>
    <define name="PSI_DDGAIN"   value="300"/>
  </section>

  <section name="GUIDANCE_V" prefix="GUIDANCE_V_">
    <define name="HOVER_KP"    value="150"/>
    <define name="HOVER_KD"    value="80"/>
    <define name="HOVER_KI"    value="20"/>
    <define name="NOMINAL_HOVER_THROTTLE" value="0.5"/>
    <define name="ADAPT_THROTTLE_ENABLED" value="TRUE"/>
  </section>

  <section name="GUIDANCE_H" prefix="GUIDANCE_H_">
    <define name="MAX_BANK" value="20" unit="deg"/>
    <define name="USE_SPEED_REF" value="TRUE"/>
    <define name="PGAIN" value="50"/>
    <define name="DGAIN" value="100"/>
    <define name="AGAIN" value="70"/>
    <define name="IGAIN" value="20"/>
  </section>

  <section name="SIMULATOR" prefix="NPS_">
    <define name="ACTUATOR_NAMES" value="nw_motor, ne_motor, se_motor, sw_motor" type="string[]"/>
    <define name="JSBSIM_MODEL" value="simple_x_quad_ccw" type="string"/>
    <define name="SENSORS_PARAMS" value="nps_sensors_params_default.h" type="string"/>
    <!-- mode switch on joystick channel 5 (axis numbering starting at zero) -->
    <define name="JS_AXIS_MODE" value="4"/>
  </section>

  <section name="AUTOPILOT">
    <define name="MODE_MANUAL" value="AP_MODE_ATTITUDE_DIRECT"/>
    <define name="MODE_AUTO1"  value="AP_MODE_HOVER_Z_HOLD"/>
    <define name="MODE_AUTO2"  value="AP_MODE_NAV"/>
  </section>

  <section name="BAT">
    <define name="CATASTROPHIC_BAT_LEVEL" value="9.3" unit="V"/>
    <define name="CRITIC_BAT_LEVEL" value="9.6" unit="V"/>
    <define name="LOW_BAT_LEVEL" value="10.1" unit="V"/>
    <define name="MAX_BAT_LEVEL" value="12.4" unit="V"/>
  </section>

</airframe>
