<!DOCTYPE layout SYSTEM "layout.dtd">

<layout width="1375" height="876">
  <rows>
    <columns SIZE="400">
      <rows SIZE="300">
        <widget NAME="strips" size="242"/>
        <widget NAME="alarms" size="73"/>
        <widget NAME="plugin" size="73"/>
      </rows>
      <widget NAME="map2d" size="1067">
        <papget type="message_field" display="text" x="493" y="44">
          <property name="scale" value="1."/>
          <property name="field" value="THROTTLE_CURVE:collective"/>
          <property name="format" value="COL %.0f"/>
          <property name="size" value="15."/>
          <property name="color" value="#00ff00"/>
        </papget>
        <papget type="message_field" display="text" x="251" y="46">
          <property name="scale" value="1."/>
          <property name="field" value="MOTOR:rpm"/>
          <property name="format" value="RPM %.0f"/>
          <property name="size" value="15."/>
          <property name="color" value="#00ff00"/>
        </papget>
        <papget type="message_field" display="text" x="130" y="25">
          <property name="scale" value="1."/>
          <property name="field" value="TEMP_ADC:temp2"/>
          <property name="format" value="Bat %.1f °C"/>
          <property name="size" value="15."/>
          <property name="color" value="#00ff00"/>
        </papget>
        <papget type="message_field" display="text" x="130" y="3">
          <property name="scale" value="0.1"/>
          <property name="field" value="ROTORCRAFT_STATUS:vsupply"/>
          <property name="format" value="Bat %.1f V"/>
          <property name="size" value="15."/>
          <property name="color" value="#00ff00"/>
        </papget>
        <papget type="message_field" display="text" x="925" y="24">
          <property name="scale" value="1.94384"/>
          <property name="field" value="ROTORCRAFT_FP_MIN:gspeed"/>
          <property name="ac_id" value="replay6"/>
          <property name="format" value="GS %.2f kts"/>
          <property name="size" value="15."/>
          <property name="color" value="#00ff00"/>
        </papget>
        <papget type="message_field" display="text" x="250" y="24">
          <property name="scale" value="1."/>
          <property name="field" value="TEMP_ADC:temp1"/>
          <property name="format" value="Mot %.1f °C"/>
          <property name="size" value="15."/>
          <property name="color" value="#00ff00"/>
        </papget>
        <papget type="message_field" display="text" x="374" y="3">
          <property name="scale" value="0.1"/>
          <property name="field" value="FBW_STATUS:vsupply"/>
          <property name="format" value="FTD %.1f V"/>
          <property name="size" value="15."/>
          <property name="color" value="#00ff00"/>
        </papget>
        <papget type="message_field" display="text" x="374" y="24">
          <property name="scale" value="1."/>
          <property name="field" value="FBW_STATUS:frame_rate"/>
          <property name="format" value="RC %.1f Hz"/>
          <property name="size" value="15."/>
          <property name="color" value="#00ff00"/>
        </papget>
        <papget type="message_field" display="text" x="926" y="2">
          <property name="scale" value="1."/>
          <property name="field" value="AIR_DATA:airspeed"/>
          <property name="ac_id" value="replay6"/>
          <property name="format" value="AS %.2f kts"/>
          <property name="size" value="15."/>
          <property name="color" value="#00ff00"/>
        </papget>
        <papget type="message_field" display="text" x="924" y="46">
          <property name="scale" value="3.28084"/>
          <property name="field" value="AIR_DATA:amsl_baro"/>
          <property name="ac_id" value="replay6"/>
          <property name="format" value="AMSL %.2f ft"/>
          <property name="size" value="15."/>
          <property name="color" value="#00ff00"/>
        </papget>
        <papget type="message_field" display="text" x="492" y="3">
          <property name="scale" value="1."/>
          <property name="field" value="THROTTLE_CURVE:curve"/>
          <property name="format" value="CRV %.0f"/>
          <property name="size" value="15."/>
          <property name="color" value="#00ff00"/>
        </papget>
        <papget type="message_field" display="text" x="374" y="45">
          <property name="scale" value="1."/>
          <property name="field" value="FBW_STATUS:mode"/>
          <property name="format" value="FBW %.0f"/>
          <property name="size" value="15."/>
          <property name="color" value="#00ff00"/>
        </papget>
        <papget type="message_field" display="text" x="252" y="3">
          <property name="scale" value="0.001"/>
          <property name="field" value="MOTOR:current"/>
          <property name="format" value="Mot %.2f A"/>
          <property name="size" value="15."/>
          <property name="color" value="#00ff00"/>
        </papget>
        <papget type="message_field" display="text" x="130" y="47">
          <property name="scale" value="1.94384"/>
          <property name="field" value="AIR_DATA:airspeed"/>
          <property name="format" value="AS %.2f m/s"/>
          <property name="size" value="15."/>
          <property name="color" value="#00ff00"/>
        </papget>
        <papget type="message_field" display="text" x="493" y="23">
          <property name="scale" value="1."/>
          <property name="field" value="THROTTLE_CURVE:throttle"/>
          <property name="format" value="THR %.0f"/>
          <property name="size" value="15."/>
          <property name="color" value="#00ff00"/>
        </papget>
      </widget>
    </columns>
    <widget NAME="aircraft" size="468"/>
  </rows>
</layout>
